--------CREACION DE PERSONAS USUARIAS DEL SISTEMA-----------
insert into person(identification,name,first_last_name,second_last_name,birthdate,id_community) 
values ('117060279','Steven','Retana','Cedeño',To_Date('09/04/1998','DD,MM,YYYY'),85);
insert into email(email,identification) values ('stevenretana98@gmail.com','117060279');
insert into telephone (telephone,identification) values ('88260185','117060279');
insert into telephone (telephone,identification) values ('22359744','117060279');
insert into nationality_x_person(id_nationality,id_person) values (5,'117060279');

insert into person(identification,name,first_last_name,second_last_name,birthdate,id_community) 
values ('106760070','Mayela','Cedeño','Mora',To_Date('07/05/1963','DD,MM,YYYY'),85);
insert into email(email,identification) values ('mayecedeno@yahoo.com','106760070');
insert into telephone (telephone,identification) values ('83679661','106760070');
insert into nationality_x_person(id_nationality,id_person) values (5,'106760070');

insert into person(identification,name,first_last_name,second_last_name,birthdate,id_community) 
values ('206745284','Carlos','Zamora','Marín',To_Date('25/01/1973','DD,MM,YYYY'),149);
insert into email(email,identification) values ('carloszamomarin@gmail.com','206745284');
insert into telephone (telephone,identification) values ('88541278','206745284');
insert into nationality_x_person(id_nationality,id_person) values (5,'206745284');
insert into nationality_x_person(id_nationality,id_person) values (4,'206745284');

insert into person(identification,name,first_last_name,second_last_name,birthdate,id_community) 
values ('102563985','Angélica','Ramírez','Pérez',To_Date('24/08/1980','DD,MM,YYYY'),75);
insert into email(email,identification) values ('angelica_ramirez80@hotmail.com','102563985');
insert into telephone (telephone,identification) values ('89965224','102563985');
insert into nationality_x_person(id_nationality,id_person) values (5,'102563985');

insert into person(identification,name,first_last_name,second_last_name,birthdate,id_community) 
values ('136690451','Mario','Brenes','Martínez',To_Date('15/04/1965','DD,MM,YYYY'),245);
insert into email(email,identification) values ('mariobrenes_1565@gmail.com','136690451');
insert into telephone (telephone,identification) values ('84457584','136690451');
insert into nationality_x_person(id_nationality,id_person) values (5,'136690451');
insert into nationality_x_person(id_nationality,id_person) values (9,'136690451');

insert into person(identification,name,first_last_name,second_last_name,birthdate,id_community) 
values ('701548756','Kenneth','Bogantes','Céspedes',To_Date('02/11/1999','DD,MM,YYYY'),481);
insert into email(email,identification) values ('kennethboga99@gmail.com','701548756');
insert into telephone (telephone,identification) values ('87745221','701548756');
insert into nationality_x_person(id_nationality,id_person) values (5,'701548756');

insert into person(identification,name,first_last_name,second_last_name,birthdate,id_community) 
values ('602547884','Angie','Vargas','Zamora',To_Date('28/03/2000','DD,MM,YYYY'),406);
insert into email(email,identification) values ('angie.vargasz@gmail.com','602547884');
insert into telephone (telephone,identification) values ('87441256','602547884');
insert into nationality_x_person(id_nationality,id_person) values (5,'602547884');

insert into person(identification,name,first_last_name,second_last_name,birthdate,id_community) 
values ('108450931','Minor','Retana','Mora',To_Date('21/02/1973','DD,MM,YYYY'),85);
insert into email(email,identification) values ('mrasesoria@gmail.com','108450931');
insert into telephone (telephone,identification) values ('88268248','108450931');
insert into nationality_x_person(id_nationality,id_person) values (5,'108450931');

insert into person(identification,name,first_last_name,second_last_name,birthdate,id_community) 
values ('108566974','Maritza','Cedeño','Mora',To_Date('24/09/1961','DD,MM,YYYY'),90);
insert into email(email,identification) values ('maritzacedeno_1961@hotmail.com','108566974');
insert into telephone (telephone,identification) values ('88584112','108566974');
insert into nationality_x_person(id_nationality,id_person) values (5,'108566974');

insert into person(identification,name,first_last_name,second_last_name,birthdate,id_community) 
values ('185472536','Cheyenne','Sandoval','Valverde',To_Date('16/09/1999','DD,MM,YYYY'),17);
insert into email(email,identification) values ('cheyesandov@gmail.com','185472536');
insert into telephone (telephone,identification) values ('84522369','185472536');
insert into nationality_x_person(id_nationality,id_person) values (5,'185472536');

insert into person(identification,name,first_last_name,second_last_name,birthdate,id_community) 
values ('516587945','Bernardo','Arce','Villalobos',To_Date('10/12/1965','DD,MM,YYYY'),359);
insert into email(email,identification) values ('bernardoarcevilla@hotmail.com','516587945');
insert into telephone (telephone,identification) values ('89964571','516587945');
insert into nationality_x_person(id_nationality,id_person) values (5,'516587945');

insert into person(identification,name,first_last_name,second_last_name,birthdate,id_community) 
values ('404542658','Karina','Brenes','Torres',To_Date('19/01/1997','DD,MM,YYYY'),313);
insert into email(email,identification) values ('karina.brenes97@gmail.com','404542658');
insert into telephone (telephone,identification) values ('84573666','404542658');
insert into nationality_x_person(id_nationality,id_person) values (5,'404542658');

insert into person(identification,name,first_last_name,second_last_name,birthdate,id_community) 
values ('119672845','Fabián','Retana','Cedeño',To_Date('19/04/1999','DD,MM,YYYY'),85);
insert into email(email,identification) values ('fabiretanacede@gmail.com','119672845');
insert into telephone (telephone,identification) values ('84006235','119672845');
insert into nationality_x_person(id_nationality,id_person) values (5,'119672845');

insert into person(identification,name,first_last_name,second_last_name,birthdate,id_community) 
values ('102163589','Bryan','Cedeño','Marín',To_Date('01/05/1996','DD,MM,YYYY'),87);
insert into email(email,identification) values ('bryancede96@gmail.com.com','102163589');
insert into telephone (telephone,identification) values ('85983919','102163589');
insert into nationality_x_person(id_nationality,id_person) values (5,'102163589');

insert into person(identification,name,first_last_name,second_last_name,birthdate,id_community) 
values ('105122554','Tatiana','Laguna','Lorente',To_Date('20/01/1999','DD,MM,YYYY'),88);
insert into email(email,identification) values ('tati.laguna@yahoo.com','105122554');
insert into telephone (telephone,identification) values ('88956421','105122554');
insert into nationality_x_person(id_nationality,id_person) values (5,'105122554');

insert into person(identification,name,first_last_name,second_last_name,birthdate,id_community) 
values ('108891423','Ginnete','Solano','Cedeño',To_Date('28/10/91','DD,MM,YYYY'),90);
insert into email(email,identification) values ('ginnetesol91@gmail.com','108891423');
insert into telephone (telephone,identification) values ('87455120','108891423');
insert into nationality_x_person(id_nationality,id_person) values (5,'108891423');

insert into person(identification,name,first_last_name,second_last_name,birthdate,id_community) 
values ('503216457','Luis','Zeledón','Trejos',To_Date('19/07/1980','DD,MM,YYYY'),347);
insert into email(email,identification) values ('zeledon.trejos.luis@yahoo.com','503216457');
insert into telephone (telephone,identification) values ('87415246','503216457');
insert into nationality_x_person(id_nationality,id_person) values (5,'503216457');

insert into person(identification,name,first_last_name,second_last_name,birthdate,id_community) 
values ('169952549','Silvia','Calderón','Cedeño',To_Date('19/09/1983','DD,MM,YYYY'),83);
insert into email(email,identification) values ('silviacalce@gmail.com','169952549');
insert into telephone (telephone,identification) values ('88423667','169952549');
insert into nationality_x_person(id_nationality,id_person) values (5,'169952549');

insert into person(identification,name,first_last_name,second_last_name,birthdate,id_community) 
values ('105847965','Angie','Rocha','Retana',To_Date('18/02/1994','DD,MM,YYYY'),17);
insert into email(email,identification) values ('angierore1994@hotmail.com','105847965');
insert into telephone (telephone,identification) values ('84551274','105847965');
insert into nationality_x_person(id_nationality,id_person) values (5,'105847965');

insert into person(identification,name,first_last_name,second_last_name,birthdate,id_community) 
values ('248579815','Francisco','Araya','Solís',To_Date('24/06/1975','DD,MM,YYYY'),157);
insert into email(email,identification) values ('francisco.araya.solis@yahoo.com','248579815');
insert into telephone (telephone,identification) values ('85741234','248579815');
insert into nationality_x_person(id_nationality,id_person) values (5,'248579815');

insert into person(identification,name,first_last_name,second_last_name,birthdate,id_community) 
values ('144785623','Stephanie','Solano','Cedeño',To_Date('21/10/1996','DD,MM,YYYY'),90);
insert into email(email,identification) values ('stephsol96@gmail.com','144785623');
insert into telephone (telephone,identification) values ('89974554','144785623');
insert into nationality_x_person(id_nationality,id_person) values (5,'144785623');

-----------CREACIÓN DE PROPUESTAS----------------------
insert into proposal(id_proposal,proposal_name,proposal_description,budget,proposal_date)
values (s_proposal.nextval,'Eco-Ladrillos','Botellas de plástico rellenas de envoltorios, pajillas y demás desechos que no son reciclables, con el fin de reducir la cantidad de basura generada, además de no requerir presupuesto',0,sysdate);
insert into proposal_x_category(id_proposal,id_category) values (0,0);
insert into person_x_proposal(id_proposal,id_person) values (0,'117060279');

insert into proposal(id_proposal,proposal_name,proposal_description,budget,proposal_date)
values (s_proposal.nextval,'Botellas en árboles con bolsas para excrementos de perro','Para reducir la cantidad de cacas de perro en las zonas verdes de la comunidad, se podrían poner en lugares estratégicos, algunas bolsas para que las personas la tomen y así reducir este problema',10000,sysdate);
insert into proposal_x_category(id_proposal,id_category) values (1,3);
insert into person_x_proposal(id_proposal,id_person) values (1,'102563985');

insert into proposal(id_proposal,proposal_name,proposal_description,budget,proposal_date)
values (s_proposal.nextval,'Cámaras de seguridad en los parques','Con el aumento de asaltos que se han dado en la comunidad últimamente, se debe valorar la opción de poner cámaras de vigilancia directamente conectadas con la fuerza pública para tratar de contrarrestar la inseguridad, especialmente en las zonas con parques',3000000,sysdate);
insert into proposal_x_category(id_proposal,id_category) values (2,1);
insert into person_x_proposal(id_proposal,id_person) values (2,'108566974');

insert into proposal(id_proposal,proposal_name,proposal_description,budget,proposal_date)
values (s_proposal.nextval,'Festival deportivo 2019','Realizar un gran féstival deportivo, con el objetivo de integrar a las personas a través de algo tan importante como lo es el deporte y recaudar fondos para la seguridad de nuestra comunidad',400000,sysdate);
insert into proposal_x_category(id_proposal,id_category) values (3,2);
insert into person_x_proposal(id_proposal,id_person) values (3,'119672845');

insert into proposal(id_proposal,proposal_name,proposal_description,budget,proposal_date)
values (s_proposal.nextval,'Feria de artesanías en el salón comunal','Utilizar el salón comunal como un área de exposición para la comunidad, donde se presentes productos, servicios, alimentos, entre otros por parte de nuestros vecinos, para impulsar la economía local',100000,sysdate);
insert into proposal_x_category(id_proposal,id_category) values (4,6);
insert into person_x_proposal(id_proposal,id_person) values (4,'136690451');

select proposal.id_proposal,proposal_name,proposal_description,budget,proposal_x_category.id_category from proposal inner join proposal_x_category on proposal.id_proposal=proposal_x_category.id_proposal inner join person_x_proposal 
on proposal.id_proposal=person_x_proposal.id_proposal ;
commit;