<?xml version="1.0" encoding="UTF-8"?>
<project-private xmlns="http://www.netbeans.org/ns/project-private/1">
    <editor-bookmarks xmlns="http://www.netbeans.org/ns/editor-bookmarks/2" lastBookmarkId="0"/>
    <open-files xmlns="http://www.netbeans.org/ns/projectui-open-files/2">
        <group>
<<<<<<< HEAD
            <file>file:/C:/Users/Kenneth/Documents/netbeans/Bases1/Interfaz/src/Frames/adminGraphics.java</file>
            <file>file:/C:/Users/Kenneth/Documents/netbeans/Bases1/Interfaz/src/Frames/SignUpLocation.java</file>
            <file>file:/C:/Users/Kenneth/Documents/netbeans/Bases1/Interfaz/src/Frames/userConsultas.java</file>
            <file>file:/C:/Users/Kenneth/Documents/netbeans/Bases1/Interfaz/src/Frames/adminDataModify.java</file>
            <file>file:/C:/Users/Kenneth/Documents/netbeans/Bases1/Interfaz/src/Frames/proposalVisualizer.java</file>
=======
            <file>file:/C:/Documents%20and%20Settings/stevenpc/Escritorio/Interfaz/src/Frames/SignUp.java</file>
            <file>file:/C:/Documents%20and%20Settings/stevenpc/Escritorio/Interfaz/src/connect/connectDB.java</file>
            <file>file:/C:/Documents%20and%20Settings/stevenpc/Escritorio/Interfaz/src/Frames/admiModifyProposal.java</file>
            <file>file:/C:/Documents%20and%20Settings/stevenpc/Escritorio/Interfaz/src/Frames/adminDataModify.java</file>
            <file>file:/C:/Documents%20and%20Settings/stevenpc/Escritorio/Interfaz/src/Frames/newProposal.java</file>
            <file>file:/C:/Documents%20and%20Settings/stevenpc/Escritorio/Interfaz/src/Business/Funciones.java</file>
>>>>>>> a3c95acced4a9866638a05c72da535bca2e285ff
        </group>
    </open-files>
</project-private>
